ts,node,proto,count
2026-06-10T19:59:21,worker1,tcp,274
2026-06-10T19:59:21,worker1,udp,6
2026-06-10T19:59:21,worker2,tcp,314
2026-06-10T19:59:21,worker2,udp,8
2026-06-10T19:59:21,worker3,tcp,289
2026-06-10T19:59:21,worker3,udp,3
2026-06-10T19:59:21,worker4,tcp,404
2026-06-10T19:59:21,worker4,udp,34
2026-06-10T19:59:27,worker1,tcp,278
2026-06-10T19:59:27,worker1,udp,6
2026-06-10T19:59:27,worker2,tcp,316
2026-06-10T19:59:27,worker2,udp,6
2026-06-10T19:59:27,worker3,tcp,293
2026-06-10T19:59:27,worker3,udp,3
2026-06-10T19:59:27,worker4,tcp,407
2026-06-10T19:59:27,worker4,udp,32
2026-06-10T19:59:33,worker1,tcp,291
2026-06-10T19:59:33,worker1,udp,30
2026-06-10T19:59:33,worker2,tcp,321
2026-06-10T19:59:33,worker2,udp,8
2026-06-10T19:59:33,worker3,tcp,296
2026-06-10T19:59:33,worker3,udp,3
2026-06-10T19:59:33,worker4,tcp,408
2026-06-10T19:59:33,worker4,udp,32
2026-06-10T19:59:39,worker1,tcp,293
2026-06-10T19:59:39,worker1,udp,30
2026-06-10T19:59:39,worker2,tcp,321
2026-06-10T19:59:39,worker2,udp,11
2026-06-10T19:59:39,worker3,tcp,298
2026-06-10T19:59:39,worker3,udp,3
2026-06-10T19:59:39,worker4,tcp,408
2026-06-10T19:59:39,worker4,udp,32
2026-06-10T19:59:46,worker1,tcp,294
2026-06-10T19:59:46,worker1,udp,38
2026-06-10T19:59:46,worker2,tcp,334
2026-06-10T19:59:46,worker2,udp,26
2026-06-10T19:59:46,worker3,tcp,302
2026-06-10T19:59:46,worker3,udp,5
2026-06-10T19:59:46,worker4,tcp,391
2026-06-10T19:59:46,worker4,udp,56
2026-06-10T19:59:53,worker1,tcp,311
2026-06-10T19:59:53,worker1,udp,62
2026-06-10T19:59:53,worker2,tcp,341
2026-06-10T19:59:53,worker2,udp,36
2026-06-10T19:59:53,worker3,tcp,306
2026-06-10T19:59:53,worker3,udp,9
2026-06-10T19:59:53,worker4,tcp,393
2026-06-10T19:59:53,worker4,udp,58
2026-06-10T19:59:59,worker1,tcp,316
2026-06-10T19:59:59,worker1,udp,65
2026-06-10T19:59:59,worker2,tcp,364
2026-06-10T19:59:59,worker2,udp,62
2026-06-10T19:59:59,worker3,tcp,295
2026-06-10T19:59:59,worker3,udp,53
2026-06-10T19:59:59,worker4,tcp,321
2026-06-10T19:59:59,worker4,udp,73
2026-06-10T20:00:06,worker1,tcp,321
2026-06-10T20:00:06,worker1,udp,50
2026-06-10T20:00:06,worker2,tcp,352
2026-06-10T20:00:06,worker2,udp,65
2026-06-10T20:00:06,worker3,tcp,297
2026-06-10T20:00:06,worker3,udp,54
2026-06-10T20:00:06,worker4,tcp,321
2026-06-10T20:00:06,worker4,udp,73
2026-06-10T20:00:12,worker1,tcp,318
2026-06-10T20:00:12,worker1,udp,50
2026-06-10T20:00:12,worker2,tcp,349
2026-06-10T20:00:12,worker2,udp,67
2026-06-10T20:00:12,worker3,tcp,285
2026-06-10T20:00:12,worker3,udp,57
2026-06-10T20:00:12,worker4,tcp,297
2026-06-10T20:00:12,worker4,udp,76
2026-06-10T20:00:18,worker1,tcp,322
2026-06-10T20:00:18,worker1,udp,47
2026-06-10T20:00:18,worker2,tcp,357
2026-06-10T20:00:18,worker2,udp,68
2026-06-10T20:00:18,worker3,tcp,294
2026-06-10T20:00:18,worker3,udp,66
2026-06-10T20:00:18,worker4,tcp,303
2026-06-10T20:00:18,worker4,udp,67
2026-06-10T20:00:24,worker1,tcp,323
2026-06-10T20:00:24,worker1,udp,46
2026-06-10T20:00:24,worker2,tcp,357
2026-06-10T20:00:24,worker2,udp,67
2026-06-10T20:00:24,worker3,tcp,293
2026-06-10T20:00:24,worker3,udp,66
2026-06-10T20:00:24,worker4,tcp,305
2026-06-10T20:00:24,worker4,udp,66
2026-06-10T20:00:30,worker1,tcp,337
2026-06-10T20:00:30,worker1,udp,38
2026-06-10T20:00:30,worker2,tcp,348
2026-06-10T20:00:30,worker2,udp,69
2026-06-10T20:00:30,worker3,tcp,331
2026-06-10T20:00:30,worker3,udp,94
2026-06-10T20:00:30,worker4,tcp,333
2026-06-10T20:00:30,worker4,udp,51
2026-06-10T20:00:38,worker1,tcp,321
2026-06-10T20:00:38,worker1,udp,30
2026-06-10T20:00:38,worker2,tcp,353
2026-06-10T20:00:38,worker2,udp,74
2026-06-10T20:00:38,worker3,tcp,315
2026-06-10T20:00:38,worker3,udp,116
2026-06-10T20:00:38,worker4,tcp,324
2026-06-10T20:00:38,worker4,udp,45
2026-06-10T20:00:46,worker1,tcp,320
2026-06-10T20:00:46,worker1,udp,18
2026-06-10T20:00:46,worker2,tcp,364
2026-06-10T20:00:46,worker2,udp,64
2026-06-10T20:00:46,worker3,tcp,314
2026-06-10T20:00:46,worker3,udp,93
2026-06-10T20:00:46,worker4,tcp,309
2026-06-10T20:00:46,worker4,udp,51
2026-06-10T20:00:53,worker1,tcp,356
2026-06-10T20:00:53,worker1,udp,19
2026-06-10T20:00:53,worker2,tcp,336
2026-06-10T20:00:53,worker2,udp,63
2026-06-10T20:00:53,worker3,tcp,313
2026-06-10T20:00:53,worker3,udp,93
2026-06-10T20:00:53,worker4,tcp,305
2026-06-10T20:00:53,worker4,udp,51
2026-06-10T20:01:00,worker1,tcp,357
2026-06-10T20:01:00,worker1,udp,21
2026-06-10T20:01:00,worker2,tcp,343
2026-06-10T20:01:00,worker2,udp,65
2026-06-10T20:01:00,worker3,tcp,321
2026-06-10T20:01:00,worker3,udp,100
2026-06-10T20:01:00,worker4,tcp,311
2026-06-10T20:01:00,worker4,udp,55
2026-06-10T20:01:06,worker1,tcp,321
2026-06-10T20:01:06,worker1,udp,13
2026-06-10T20:01:06,worker2,tcp,347
2026-06-10T20:01:06,worker2,udp,53
2026-06-10T20:01:06,worker3,tcp,326
2026-06-10T20:01:06,worker3,udp,74
2026-06-10T20:01:06,worker4,tcp,314
2026-06-10T20:01:06,worker4,udp,49
2026-06-10T20:01:12,worker1,tcp,325
2026-06-10T20:01:12,worker1,udp,9
2026-06-10T20:01:12,worker2,tcp,356
2026-06-10T20:01:12,worker2,udp,39
2026-06-10T20:01:12,worker3,tcp,330
2026-06-10T20:01:12,worker3,udp,42
2026-06-10T20:01:12,worker4,tcp,316
2026-06-10T20:01:12,worker4,udp,45
2026-06-10T20:01:18,worker1,tcp,324
2026-06-10T20:01:18,worker1,udp,8
2026-06-10T20:01:18,worker2,tcp,361
2026-06-10T20:01:18,worker2,udp,38
2026-06-10T20:01:18,worker3,tcp,337
2026-06-10T20:01:18,worker3,udp,42
2026-06-10T20:01:18,worker4,tcp,317
2026-06-10T20:01:18,worker4,udp,44
2026-06-10T20:01:24,worker1,tcp,326
2026-06-10T20:01:24,worker1,udp,8
2026-06-10T20:01:24,worker2,tcp,369
2026-06-10T20:01:24,worker2,udp,37
2026-06-10T20:01:24,worker3,tcp,342
2026-06-10T20:01:24,worker3,udp,41
2026-06-10T20:01:24,worker4,tcp,321
2026-06-10T20:01:24,worker4,udp,42
2026-06-10T20:01:30,worker1,tcp,326
2026-06-10T20:01:30,worker1,udp,6
2026-06-10T20:01:30,worker2,tcp,377
2026-06-10T20:01:30,worker2,udp,23
2026-06-10T20:01:30,worker3,tcp,347
2026-06-10T20:01:30,worker3,udp,21
2026-06-10T20:01:30,worker4,tcp,323
2026-06-10T20:01:30,worker4,udp,38
2026-06-10T20:01:36,worker1,tcp,325
2026-06-10T20:01:36,worker1,udp,8
2026-06-10T20:01:36,worker2,tcp,382
2026-06-10T20:01:36,worker2,udp,30
2026-06-10T20:01:36,worker3,tcp,375
2026-06-10T20:01:36,worker3,udp,23
2026-06-10T20:01:36,worker4,tcp,345
2026-06-10T20:01:36,worker4,udp,40
2026-06-10T20:01:41,worker1,tcp,338
2026-06-10T20:01:41,worker1,udp,21
2026-06-10T20:01:41,worker2,tcp,394
2026-06-10T20:01:41,worker2,udp,46
2026-06-10T20:01:41,worker3,tcp,350
2026-06-10T20:01:41,worker3,udp,23
2026-06-10T20:01:41,worker4,tcp,348
2026-06-10T20:01:41,worker4,udp,44
2026-06-10T20:01:48,worker1,tcp,356
2026-06-10T20:01:48,worker1,udp,33
2026-06-10T20:01:48,worker2,tcp,412
2026-06-10T20:01:48,worker2,udp,53
2026-06-10T20:01:48,worker3,tcp,357
2026-06-10T20:01:48,worker3,udp,21
2026-06-10T20:01:48,worker4,tcp,330
2026-06-10T20:01:48,worker4,udp,44
2026-06-10T20:01:54,worker1,tcp,374
2026-06-10T20:01:54,worker1,udp,49
2026-06-10T20:01:54,worker2,tcp,427
2026-06-10T20:01:54,worker2,udp,65
2026-06-10T20:01:54,worker3,tcp,360
2026-06-10T20:01:54,worker3,udp,15
2026-06-10T20:01:54,worker4,tcp,333
2026-06-10T20:01:54,worker4,udp,44
2026-06-10T20:02:00,worker1,tcp,390
2026-06-10T20:02:00,worker1,udp,65
2026-06-10T20:02:00,worker2,tcp,429
2026-06-10T20:02:00,worker2,udp,80
2026-06-10T20:02:00,worker3,tcp,365
2026-06-10T20:02:00,worker3,udp,15
2026-06-10T20:02:00,worker4,tcp,335
2026-06-10T20:02:00,worker4,udp,44
2026-06-10T20:02:05,worker1,tcp,391
2026-06-10T20:02:05,worker1,udp,73
2026-06-10T20:02:05,worker2,tcp,436
2026-06-10T20:02:05,worker2,udp,85
2026-06-10T20:02:05,worker3,tcp,368
2026-06-10T20:02:05,worker3,udp,9
2026-06-10T20:02:05,worker4,tcp,337
2026-06-10T20:02:05,worker4,udp,44
2026-06-10T20:02:11,worker1,tcp,410
2026-06-10T20:02:11,worker1,udp,86
2026-06-10T20:02:11,worker2,tcp,447
2026-06-10T20:02:11,worker2,udp,89
2026-06-10T20:02:11,worker3,tcp,372
2026-06-10T20:02:11,worker3,udp,9
2026-06-10T20:02:11,worker4,tcp,337
2026-06-10T20:02:11,worker4,udp,44
2026-06-10T20:02:17,worker1,tcp,745
2026-06-10T20:02:17,worker1,udp,741
2026-06-10T20:02:17,worker2,tcp,802
2026-06-10T20:02:17,worker2,udp,799
2026-06-10T20:02:17,worker3,tcp,365
2026-06-10T20:02:17,worker3,udp,9
2026-06-10T20:02:17,worker4,tcp,340
2026-06-10T20:02:17,worker4,udp,44
2026-06-10T20:02:23,worker1,tcp,1104
2026-06-10T20:02:23,worker1,udp,1461
2026-06-10T20:02:23,worker2,tcp,1174
2026-06-10T20:02:23,worker2,udp,1506
2026-06-10T20:02:23,worker3,tcp,370
2026-06-10T20:02:23,worker3,udp,9
2026-06-10T20:02:23,worker4,tcp,344
2026-06-10T20:02:23,worker4,udp,44
2026-06-10T20:02:30,worker1,tcp,1533
2026-06-10T20:02:30,worker1,udp,2271
2026-06-10T20:02:30,worker2,tcp,1612
2026-06-10T20:02:30,worker2,udp,2333
2026-06-10T20:02:30,worker3,tcp,374
2026-06-10T20:02:30,worker3,udp,9
2026-06-10T20:02:30,worker4,tcp,345
2026-06-10T20:02:30,worker4,udp,44
2026-06-10T20:02:36,worker1,tcp,1763
2026-06-10T20:02:36,worker1,udp,2671
2026-06-10T20:02:36,worker2,tcp,1917
2026-06-10T20:02:36,worker2,udp,2668
2026-06-10T20:02:36,worker3,tcp,401
2026-06-10T20:02:36,worker3,udp,9
2026-06-10T20:02:36,worker4,tcp,364
2026-06-10T20:02:36,worker4,udp,44
2026-06-10T20:02:42,worker1,tcp,1862
2026-06-10T20:02:42,worker1,udp,2716
2026-06-10T20:02:42,worker2,tcp,1942
2026-06-10T20:02:42,worker2,udp,2686
2026-06-10T20:02:42,worker3,tcp,403
2026-06-10T20:02:42,worker3,udp,27
2026-06-10T20:02:42,worker4,tcp,368
2026-06-10T20:02:42,worker4,udp,56
2026-06-10T20:02:48,worker1,tcp,1950
2026-06-10T20:02:48,worker1,udp,2093
2026-06-10T20:02:48,worker2,tcp,2064
2026-06-10T20:02:48,worker2,udp,2013
2026-06-10T20:02:48,worker3,tcp,401
2026-06-10T20:02:48,worker3,udp,44
2026-06-10T20:02:48,worker4,tcp,371
2026-06-10T20:02:48,worker4,udp,74
2026-06-10T20:02:54,worker1,tcp,2001
2026-06-10T20:02:54,worker1,udp,1456
2026-06-10T20:02:54,worker2,tcp,2082
2026-06-10T20:02:54,worker2,udp,1327
2026-06-10T20:02:54,worker3,tcp,401
2026-06-10T20:02:54,worker3,udp,73
2026-06-10T20:02:54,worker4,tcp,368
2026-06-10T20:02:54,worker4,udp,89
2026-06-10T20:03:00,worker1,tcp,2023
2026-06-10T20:03:00,worker1,udp,642
2026-06-10T20:03:00,worker2,tcp,2198
2026-06-10T20:03:00,worker2,udp,456
2026-06-10T20:03:00,worker3,tcp,394
2026-06-10T20:03:00,worker3,udp,91
2026-06-10T20:03:00,worker4,tcp,371
2026-06-10T20:03:00,worker4,udp,104
2026-06-10T20:03:06,worker1,tcp,2113
2026-06-10T20:03:06,worker1,udp,391
2026-06-10T20:03:06,worker2,tcp,2327
2026-06-10T20:03:06,worker2,udp,223
2026-06-10T20:03:06,worker3,tcp,398
2026-06-10T20:03:06,worker3,udp,115
2026-06-10T20:03:06,worker4,tcp,374
2026-06-10T20:03:06,worker4,udp,116
2026-06-10T20:03:12,worker1,tcp,2162
2026-06-10T20:03:12,worker1,udp,388
2026-06-10T20:03:12,worker2,tcp,2344
2026-06-10T20:03:12,worker2,udp,222
2026-06-10T20:03:12,worker3,tcp,398
2026-06-10T20:03:12,worker3,udp,115
2026-06-10T20:03:12,worker4,tcp,374
2026-06-10T20:03:12,worker4,udp,122
2026-06-10T20:03:18,worker1,tcp,2207
2026-06-10T20:03:18,worker1,udp,388
2026-06-10T20:03:18,worker2,tcp,2467
2026-06-10T20:03:18,worker2,udp,205
2026-06-10T20:03:18,worker3,tcp,400
2026-06-10T20:03:18,worker3,udp,115
2026-06-10T20:03:18,worker4,tcp,374
2026-06-10T20:03:18,worker4,udp,121
2026-06-10T20:03:24,worker1,tcp,2261
2026-06-10T20:03:24,worker1,udp,390
2026-06-10T20:03:24,worker2,tcp,2484
2026-06-10T20:03:24,worker2,udp,211
2026-06-10T20:03:24,worker3,tcp,398
2026-06-10T20:03:24,worker3,udp,122
2026-06-10T20:03:24,worker4,tcp,372
2026-06-10T20:03:24,worker4,udp,115
2026-06-10T20:03:30,worker1,tcp,2316
2026-06-10T20:03:30,worker1,udp,403
2026-06-10T20:03:30,worker2,tcp,2608
2026-06-10T20:03:30,worker2,udp,220
2026-06-10T20:03:30,worker3,tcp,401
2026-06-10T20:03:30,worker3,udp,121
2026-06-10T20:03:30,worker4,tcp,374
2026-06-10T20:03:30,worker4,udp,115
2026-06-10T20:03:36,worker1,tcp,2368
2026-06-10T20:03:36,worker1,udp,378
2026-06-10T20:03:36,worker2,tcp,2677
2026-06-10T20:03:36,worker2,udp,206
2026-06-10T20:03:36,worker3,tcp,400
2026-06-10T20:03:36,worker3,udp,117
2026-06-10T20:03:36,worker4,tcp,376
2026-06-10T20:03:36,worker4,udp,115
2026-06-10T20:03:43,worker1,tcp,2412
2026-06-10T20:03:43,worker1,udp,382
2026-06-10T20:03:43,worker2,tcp,2747
2026-06-10T20:03:43,worker2,udp,215
2026-06-10T20:03:43,worker3,tcp,401
2026-06-10T20:03:43,worker3,udp,120
2026-06-10T20:03:43,worker4,tcp,375
2026-06-10T20:03:43,worker4,udp,114
2026-06-10T20:03:49,worker1,tcp,2438
2026-06-10T20:03:49,worker1,udp,389
2026-06-10T20:03:49,worker2,tcp,2850
2026-06-10T20:03:49,worker2,udp,229
2026-06-10T20:03:49,worker3,tcp,405
2026-06-10T20:03:49,worker3,udp,130
2026-06-10T20:03:49,worker4,tcp,377
2026-06-10T20:03:49,worker4,udp,115
2026-06-10T20:03:55,worker1,tcp,2491
2026-06-10T20:03:55,worker1,udp,389
2026-06-10T20:03:55,worker2,tcp,2871
2026-06-10T20:03:55,worker2,udp,249
2026-06-10T20:03:55,worker3,tcp,405
2026-06-10T20:03:55,worker3,udp,126
2026-06-10T20:03:55,worker4,tcp,378
2026-06-10T20:03:55,worker4,udp,115
2026-06-10T20:04:01,worker1,tcp,2558
2026-06-10T20:04:01,worker1,udp,432
2026-06-10T20:04:01,worker2,tcp,2990
2026-06-10T20:04:01,worker2,udp,264
2026-06-10T20:04:01,worker3,tcp,419
2026-06-10T20:04:01,worker3,udp,163
2026-06-10T20:04:01,worker4,tcp,390
2026-06-10T20:04:01,worker4,udp,133
2026-06-10T20:04:07,worker1,tcp,2588
2026-06-10T20:04:07,worker1,udp,439
2026-06-10T20:04:07,worker2,tcp,3003
2026-06-10T20:04:07,worker2,udp,268
2026-06-10T20:04:07,worker3,tcp,411
2026-06-10T20:04:07,worker3,udp,161
2026-06-10T20:04:07,worker4,tcp,382
2026-06-10T20:04:07,worker4,udp,133
2026-06-10T20:04:13,worker1,tcp,2653
2026-06-10T20:04:13,worker1,udp,473
2026-06-10T20:04:13,worker2,tcp,3102
2026-06-10T20:04:13,worker2,udp,300
2026-06-10T20:04:13,worker3,tcp,430
2026-06-10T20:04:13,worker3,udp,201
2026-06-10T20:04:13,worker4,tcp,388
2026-06-10T20:04:13,worker4,udp,140
2026-06-10T20:04:19,worker1,tcp,2306
2026-06-10T20:04:19,worker1,udp,466
2026-06-10T20:04:19,worker2,tcp,2848
2026-06-10T20:04:19,worker2,udp,327
2026-06-10T20:04:19,worker3,tcp,440
2026-06-10T20:04:19,worker3,udp,216
2026-06-10T20:04:19,worker4,tcp,385
2026-06-10T20:04:19,worker4,udp,136
2026-06-10T20:04:25,worker1,tcp,1972
2026-06-10T20:04:25,worker1,udp,451
2026-06-10T20:04:25,worker2,tcp,2501
2026-06-10T20:04:25,worker2,udp,321
2026-06-10T20:04:25,worker3,tcp,440
2026-06-10T20:04:25,worker3,udp,234
2026-06-10T20:04:25,worker4,tcp,386
2026-06-10T20:04:25,worker4,udp,136
2026-06-10T20:04:31,worker1,tcp,1541
2026-06-10T20:04:31,worker1,udp,408
2026-06-10T20:04:31,worker2,tcp,2171
2026-06-10T20:04:31,worker2,udp,337
2026-06-10T20:04:31,worker3,tcp,439
2026-06-10T20:04:31,worker3,udp,219
2026-06-10T20:04:31,worker4,tcp,389
2026-06-10T20:04:31,worker4,udp,135
2026-06-10T20:04:37,worker1,tcp,1460
2026-06-10T20:04:37,worker1,udp,397
2026-06-10T20:04:37,worker2,tcp,1987
2026-06-10T20:04:37,worker2,udp,350
2026-06-10T20:04:37,worker3,tcp,427
2026-06-10T20:04:37,worker3,udp,249
2026-06-10T20:04:37,worker4,tcp,379
2026-06-10T20:04:37,worker4,udp,127
2026-06-10T20:04:43,worker1,tcp,1468
2026-06-10T20:04:43,worker1,udp,358
2026-06-10T20:04:43,worker2,tcp,2085
2026-06-10T20:04:43,worker2,udp,337
2026-06-10T20:04:43,worker3,tcp,437
2026-06-10T20:04:43,worker3,udp,243
2026-06-10T20:04:43,worker4,tcp,388
2026-06-10T20:04:43,worker4,udp,135
2026-06-10T20:04:50,worker1,tcp,1464
2026-06-10T20:04:50,worker1,udp,339
2026-06-10T20:04:50,worker2,tcp,1999
2026-06-10T20:04:50,worker2,udp,318
2026-06-10T20:04:50,worker3,tcp,433
2026-06-10T20:04:50,worker3,udp,234
2026-06-10T20:04:50,worker4,tcp,389
2026-06-10T20:04:50,worker4,udp,124
2026-06-10T20:04:56,worker1,tcp,1474
2026-06-10T20:04:56,worker1,udp,332
2026-06-10T20:04:56,worker2,tcp,2004
2026-06-10T20:04:56,worker2,udp,332
2026-06-10T20:04:56,worker3,tcp,432
2026-06-10T20:04:56,worker3,udp,230
2026-06-10T20:04:56,worker4,tcp,398
2026-06-10T20:04:56,worker4,udp,142
2026-06-10T20:05:02,worker1,tcp,1423
2026-06-10T20:05:02,worker1,udp,294
2026-06-10T20:05:02,worker2,tcp,2100
2026-06-10T20:05:02,worker2,udp,312
2026-06-10T20:05:02,worker3,tcp,428
2026-06-10T20:05:02,worker3,udp,213
2026-06-10T20:05:02,worker4,tcp,379
2026-06-10T20:05:02,worker4,udp,128
2026-06-10T20:05:08,worker1,tcp,1406
2026-06-10T20:05:08,worker1,udp,292
2026-06-10T20:05:08,worker2,tcp,1988
2026-06-10T20:05:08,worker2,udp,319
2026-06-10T20:05:08,worker3,tcp,427
2026-06-10T20:05:08,worker3,udp,211
2026-06-10T20:05:08,worker4,tcp,380
2026-06-10T20:05:08,worker4,udp,131
2026-06-10T20:05:14,worker1,tcp,1415
2026-06-10T20:05:14,worker1,udp,289
2026-06-10T20:05:14,worker2,tcp,2088
2026-06-10T20:05:14,worker2,udp,310
2026-06-10T20:05:14,worker3,tcp,439
2026-06-10T20:05:14,worker3,udp,212
2026-06-10T20:05:14,worker4,tcp,381
2026-06-10T20:05:14,worker4,udp,134
2026-06-10T20:05:21,worker1,tcp,1410
2026-06-10T20:05:21,worker1,udp,295
2026-06-10T20:05:21,worker2,tcp,1989
2026-06-10T20:05:21,worker2,udp,324
2026-06-10T20:05:21,worker3,tcp,439
2026-06-10T20:05:21,worker3,udp,211
2026-06-10T20:05:21,worker4,tcp,384
2026-06-10T20:05:21,worker4,udp,137
2026-06-10T20:05:27,worker1,tcp,1374
2026-06-10T20:05:27,worker1,udp,273
2026-06-10T20:05:27,worker2,tcp,1978
2026-06-10T20:05:27,worker2,udp,287
2026-06-10T20:05:27,worker3,tcp,430
2026-06-10T20:05:27,worker3,udp,193
2026-06-10T20:05:27,worker4,tcp,386
2026-06-10T20:05:27,worker4,udp,120
2026-06-10T20:05:33,worker1,tcp,1386
2026-06-10T20:05:33,worker1,udp,315
2026-06-10T20:05:33,worker2,tcp,2078
2026-06-10T20:05:33,worker2,udp,294
2026-06-10T20:05:33,worker3,tcp,434
2026-06-10T20:05:33,worker3,udp,205
2026-06-10T20:05:33,worker4,tcp,388
2026-06-10T20:05:33,worker4,udp,127
2026-06-10T20:05:39,worker1,tcp,1390
2026-06-10T20:05:39,worker1,udp,332
2026-06-10T20:05:39,worker2,tcp,1967
2026-06-10T20:05:39,worker2,udp,283
2026-06-10T20:05:39,worker3,tcp,430
2026-06-10T20:05:39,worker3,udp,192
2026-06-10T20:05:39,worker4,tcp,405
2026-06-10T20:05:39,worker4,udp,141
2026-06-10T20:05:45,worker1,tcp,1386
2026-06-10T20:05:45,worker1,udp,325
2026-06-10T20:05:45,worker2,tcp,2072
2026-06-10T20:05:45,worker2,udp,279
2026-06-10T20:05:45,worker3,tcp,431
2026-06-10T20:05:45,worker3,udp,186
2026-06-10T20:05:45,worker4,tcp,394
2026-06-10T20:05:45,worker4,udp,133
2026-06-10T20:05:51,worker1,tcp,1359
2026-06-10T20:05:51,worker1,udp,317
2026-06-10T20:05:51,worker2,tcp,1962
2026-06-10T20:05:51,worker2,udp,256
2026-06-10T20:05:51,worker3,tcp,432
2026-06-10T20:05:51,worker3,udp,170
2026-06-10T20:05:51,worker4,tcp,399
2026-06-10T20:05:51,worker4,udp,144
2026-06-10T20:05:57,worker1,tcp,1360
2026-06-10T20:05:57,worker1,udp,361
2026-06-10T20:05:57,worker2,tcp,2067
2026-06-10T20:05:57,worker2,udp,270
2026-06-10T20:05:57,worker3,tcp,432
2026-06-10T20:05:57,worker3,udp,183
2026-06-10T20:05:57,worker4,tcp,393
2026-06-10T20:05:57,worker4,udp,133
2026-06-10T20:06:03,worker1,tcp,1356
2026-06-10T20:06:03,worker1,udp,359
2026-06-10T20:06:03,worker2,tcp,1971
2026-06-10T20:06:03,worker2,udp,270
2026-06-10T20:06:03,worker3,tcp,437
2026-06-10T20:06:03,worker3,udp,167
2026-06-10T20:06:03,worker4,tcp,399
2026-06-10T20:06:03,worker4,udp,142
2026-06-10T20:06:10,worker1,tcp,1328
2026-06-10T20:06:10,worker1,udp,343
2026-06-10T20:06:10,worker2,tcp,1970
2026-06-10T20:06:10,worker2,udp,266
2026-06-10T20:06:10,worker3,tcp,432
2026-06-10T20:06:10,worker3,udp,169
2026-06-10T20:06:10,worker4,tcp,396
2026-06-10T20:06:10,worker4,udp,132
2026-06-10T20:06:16,worker1,tcp,1310
2026-06-10T20:06:16,worker1,udp,350
2026-06-10T20:06:16,worker2,tcp,2052
2026-06-10T20:06:16,worker2,udp,275
2026-06-10T20:06:16,worker3,tcp,437
2026-06-10T20:06:16,worker3,udp,161
2026-06-10T20:06:16,worker4,tcp,398
2026-06-10T20:06:16,worker4,udp,137
2026-06-10T20:06:22,worker1,tcp,1287
2026-06-10T20:06:22,worker1,udp,356
2026-06-10T20:06:22,worker2,tcp,1954
2026-06-10T20:06:22,worker2,udp,282
2026-06-10T20:06:22,worker3,tcp,438
2026-06-10T20:06:22,worker3,udp,165
2026-06-10T20:06:22,worker4,tcp,399
2026-06-10T20:06:22,worker4,udp,127
2026-06-10T20:06:28,worker1,tcp,1278
2026-06-10T20:06:28,worker1,udp,351
2026-06-10T20:06:28,worker2,tcp,2056
2026-06-10T20:06:28,worker2,udp,284
2026-06-10T20:06:28,worker3,tcp,433
2026-06-10T20:06:28,worker3,udp,169
2026-06-10T20:06:28,worker4,tcp,394
2026-06-10T20:06:28,worker4,udp,138
2026-06-10T20:06:34,worker1,tcp,1273
2026-06-10T20:06:34,worker1,udp,357
2026-06-10T20:06:34,worker2,tcp,1957
2026-06-10T20:06:34,worker2,udp,288
2026-06-10T20:06:34,worker3,tcp,436
2026-06-10T20:06:34,worker3,udp,175
2026-06-10T20:06:34,worker4,tcp,407
2026-06-10T20:06:34,worker4,udp,135
2026-06-10T20:06:40,worker1,tcp,1292
2026-06-10T20:06:40,worker1,udp,376
2026-06-10T20:06:40,worker2,tcp,1951
2026-06-10T20:06:40,worker2,udp,286
2026-06-10T20:06:40,worker3,tcp,436
2026-06-10T20:06:40,worker3,udp,178
2026-06-10T20:06:40,worker4,tcp,412
2026-06-10T20:06:40,worker4,udp,148
2026-06-10T20:06:46,worker1,tcp,1288
2026-06-10T20:06:46,worker1,udp,359
2026-06-10T20:06:46,worker2,tcp,2046
2026-06-10T20:06:46,worker2,udp,276
2026-06-10T20:06:46,worker3,tcp,439
2026-06-10T20:06:46,worker3,udp,177
2026-06-10T20:06:46,worker4,tcp,401
2026-06-10T20:06:46,worker4,udp,138
2026-06-10T20:06:52,worker1,tcp,1292
2026-06-10T20:06:52,worker1,udp,352
2026-06-10T20:06:52,worker2,tcp,1963
2026-06-10T20:06:52,worker2,udp,277
2026-06-10T20:06:52,worker3,tcp,441
2026-06-10T20:06:52,worker3,udp,177
2026-06-10T20:06:52,worker4,tcp,397
2026-06-10T20:06:52,worker4,udp,138
2026-06-10T20:06:59,worker1,tcp,1308
2026-06-10T20:06:59,worker1,udp,340
2026-06-10T20:06:59,worker2,tcp,2070
2026-06-10T20:06:59,worker2,udp,275
2026-06-10T20:06:59,worker3,tcp,439
2026-06-10T20:06:59,worker3,udp,171
2026-06-10T20:06:59,worker4,tcp,397
2026-06-10T20:06:59,worker4,udp,123
2026-06-10T20:07:05,worker1,tcp,1332
2026-06-10T20:07:05,worker1,udp,338
2026-06-10T20:07:05,worker2,tcp,1967
2026-06-10T20:07:05,worker2,udp,275
2026-06-10T20:07:05,worker3,tcp,440
2026-06-10T20:07:05,worker3,udp,162
2026-06-10T20:07:05,worker4,tcp,397
2026-06-10T20:07:05,worker4,udp,132
2026-06-10T20:07:11,worker1,tcp,1325
2026-06-10T20:07:11,worker1,udp,327
2026-06-10T20:07:11,worker2,tcp,2064
2026-06-10T20:07:11,worker2,udp,270
2026-06-10T20:07:11,worker3,tcp,430
2026-06-10T20:07:11,worker3,udp,163
2026-06-10T20:07:11,worker4,tcp,395
2026-06-10T20:07:11,worker4,udp,125
2026-06-10T20:07:17,worker1,tcp,1335
2026-06-10T20:07:17,worker1,udp,349
2026-06-10T20:07:17,worker2,tcp,1953
2026-06-10T20:07:17,worker2,udp,268
2026-06-10T20:07:17,worker3,tcp,433
2026-06-10T20:07:17,worker3,udp,166
2026-06-10T20:07:17,worker4,tcp,395
2026-06-10T20:07:17,worker4,udp,133
2026-06-10T20:07:23,worker1,tcp,1352
2026-06-10T20:07:23,worker1,udp,365
2026-06-10T20:07:23,worker2,tcp,1952
2026-06-10T20:07:23,worker2,udp,246
2026-06-10T20:07:23,worker3,tcp,424
2026-06-10T20:07:23,worker3,udp,156
2026-06-10T20:07:23,worker4,tcp,397
2026-06-10T20:07:23,worker4,udp,125
2026-06-10T20:07:29,worker1,tcp,1364
2026-06-10T20:07:29,worker1,udp,361
2026-06-10T20:07:29,worker2,tcp,2053
2026-06-10T20:07:29,worker2,udp,229
2026-06-10T20:07:29,worker3,tcp,420
2026-06-10T20:07:29,worker3,udp,152
2026-06-10T20:07:29,worker4,tcp,391
2026-06-10T20:07:29,worker4,udp,125
2026-06-10T20:07:35,worker1,tcp,1382
2026-06-10T20:07:35,worker1,udp,365
2026-06-10T20:07:35,worker2,tcp,1953
2026-06-10T20:07:35,worker2,udp,214
2026-06-10T20:07:35,worker3,tcp,422
2026-06-10T20:07:35,worker3,udp,139
2026-06-10T20:07:35,worker4,tcp,396
2026-06-10T20:07:35,worker4,udp,109
2026-06-10T20:07:41,worker1,tcp,1383
2026-06-10T20:07:41,worker1,udp,362
2026-06-10T20:07:41,worker2,tcp,2041
2026-06-10T20:07:41,worker2,udp,210
2026-06-10T20:07:41,worker3,tcp,424
2026-06-10T20:07:41,worker3,udp,128
2026-06-10T20:07:41,worker4,tcp,394
2026-06-10T20:07:41,worker4,udp,113
2026-06-10T20:07:48,worker1,tcp,1380
2026-06-10T20:07:48,worker1,udp,341
2026-06-10T20:07:48,worker2,tcp,1950
2026-06-10T20:07:48,worker2,udp,206
2026-06-10T20:07:48,worker3,tcp,424
2026-06-10T20:07:48,worker3,udp,113
2026-06-10T20:07:48,worker4,tcp,398
2026-06-10T20:07:48,worker4,udp,101
2026-06-10T20:07:54,worker1,tcp,1385
2026-06-10T20:07:54,worker1,udp,345
2026-06-10T20:07:54,worker2,tcp,1964
2026-06-10T20:07:54,worker2,udp,223
2026-06-10T20:07:54,worker3,tcp,419
2026-06-10T20:07:54,worker3,udp,104
2026-06-10T20:07:54,worker4,tcp,408
2026-06-10T20:07:54,worker4,udp,125
2026-06-10T20:08:00,worker1,tcp,1382
2026-06-10T20:08:00,worker1,udp,361
2026-06-10T20:08:00,worker2,tcp,1959
2026-06-10T20:08:00,worker2,udp,219
2026-06-10T20:08:00,worker3,tcp,419
2026-06-10T20:08:00,worker3,udp,112
2026-06-10T20:08:00,worker4,tcp,403
2026-06-10T20:08:00,worker4,udp,130
2026-06-10T20:08:06,worker1,tcp,1383
2026-06-10T20:08:06,worker1,udp,371
2026-06-10T20:08:06,worker2,tcp,1953
2026-06-10T20:08:06,worker2,udp,219
2026-06-10T20:08:06,worker3,tcp,402
2026-06-10T20:08:06,worker3,udp,119
2026-06-10T20:08:06,worker4,tcp,396
2026-06-10T20:08:06,worker4,udp,133
2026-06-10T20:08:12,worker1,tcp,1366
2026-06-10T20:08:12,worker1,udp,370
2026-06-10T20:08:12,worker2,tcp,2051
2026-06-10T20:08:12,worker2,udp,213
2026-06-10T20:08:12,worker3,tcp,399
2026-06-10T20:08:12,worker3,udp,116
2026-06-10T20:08:12,worker4,tcp,395
2026-06-10T20:08:12,worker4,udp,129
2026-06-10T20:08:18,worker1,tcp,1378
2026-06-10T20:08:18,worker1,udp,371
2026-06-10T20:08:18,worker2,tcp,1945
2026-06-10T20:08:18,worker2,udp,212
2026-06-10T20:08:18,worker3,tcp,400
2026-06-10T20:08:18,worker3,udp,118
2026-06-10T20:08:18,worker4,tcp,395
2026-06-10T20:08:18,worker4,udp,129
2026-06-10T20:08:24,worker1,tcp,1383
2026-06-10T20:08:24,worker1,udp,370
2026-06-10T20:08:24,worker2,tcp,2044
2026-06-10T20:08:24,worker2,udp,200
2026-06-10T20:08:24,worker3,tcp,397
2026-06-10T20:08:24,worker3,udp,112
2026-06-10T20:08:24,worker4,tcp,395
2026-06-10T20:08:24,worker4,udp,110
2026-06-10T20:08:30,worker1,tcp,1382
2026-06-10T20:08:30,worker1,udp,358
2026-06-10T20:08:30,worker2,tcp,1934
2026-06-10T20:08:30,worker2,udp,200
2026-06-10T20:08:30,worker3,tcp,396
2026-06-10T20:08:30,worker3,udp,102
2026-06-10T20:08:30,worker4,tcp,390
2026-06-10T20:08:30,worker4,udp,105
2026-06-10T20:08:36,worker1,tcp,1387
2026-06-10T20:08:36,worker1,udp,354
2026-06-10T20:08:36,worker2,tcp,1921
2026-06-10T20:08:36,worker2,udp,200
2026-06-10T20:08:36,worker3,tcp,398
2026-06-10T20:08:36,worker3,udp,108
2026-06-10T20:08:36,worker4,tcp,403
2026-06-10T20:08:36,worker4,udp,103
2026-06-10T20:08:42,worker1,tcp,1388
2026-06-10T20:08:42,worker1,udp,366
2026-06-10T20:08:42,worker2,tcp,1913
2026-06-10T20:08:42,worker2,udp,206
2026-06-10T20:08:42,worker3,tcp,389
2026-06-10T20:08:42,worker3,udp,106
2026-06-10T20:08:42,worker4,tcp,399
2026-06-10T20:08:42,worker4,udp,109
2026-06-10T20:08:48,worker1,tcp,1399
2026-06-10T20:08:48,worker1,udp,373
2026-06-10T20:08:48,worker2,tcp,1922
2026-06-10T20:08:48,worker2,udp,203
2026-06-10T20:08:48,worker3,tcp,392
2026-06-10T20:08:48,worker3,udp,110
2026-06-10T20:08:48,worker4,tcp,389
2026-06-10T20:08:48,worker4,udp,109
2026-06-10T20:08:54,worker1,tcp,1400
2026-06-10T20:08:54,worker1,udp,369
2026-06-10T20:08:54,worker2,tcp,2022
2026-06-10T20:08:54,worker2,udp,204
2026-06-10T20:08:54,worker3,tcp,392
2026-06-10T20:08:54,worker3,udp,110
2026-06-10T20:08:54,worker4,tcp,387
2026-06-10T20:08:54,worker4,udp,113
2026-06-10T20:09:01,worker1,tcp,1395
2026-06-10T20:09:01,worker1,udp,370
2026-06-10T20:09:01,worker2,tcp,1932
2026-06-10T20:09:01,worker2,udp,199
2026-06-10T20:09:01,worker3,tcp,394
2026-06-10T20:09:01,worker3,udp,106
2026-06-10T20:09:01,worker4,tcp,386
2026-06-10T20:09:01,worker4,udp,107
2026-06-10T20:09:07,worker1,tcp,1376
2026-06-10T20:09:07,worker1,udp,346
2026-06-10T20:09:07,worker2,tcp,2042
2026-06-10T20:09:07,worker2,udp,216
2026-06-10T20:09:07,worker3,tcp,393
2026-06-10T20:09:07,worker3,udp,103
2026-06-10T20:09:07,worker4,tcp,383
2026-06-10T20:09:07,worker4,udp,102
2026-06-10T20:09:13,worker1,tcp,1376
2026-06-10T20:09:13,worker1,udp,340
2026-06-10T20:09:13,worker2,tcp,1935
2026-06-10T20:09:13,worker2,udp,218
2026-06-10T20:09:13,worker3,tcp,388
2026-06-10T20:09:13,worker3,udp,101
2026-06-10T20:09:13,worker4,tcp,380
2026-06-10T20:09:13,worker4,udp,108
2026-06-10T20:09:19,worker1,tcp,1388
2026-06-10T20:09:19,worker1,udp,359
2026-06-10T20:09:19,worker2,tcp,1912
2026-06-10T20:09:19,worker2,udp,211
2026-06-10T20:09:19,worker3,tcp,393
2026-06-10T20:09:19,worker3,udp,113
2026-06-10T20:09:19,worker4,tcp,383
2026-06-10T20:09:19,worker4,udp,114
2026-06-10T20:09:25,worker1,tcp,1437
2026-06-10T20:09:25,worker1,udp,380
2026-06-10T20:09:25,worker2,tcp,1917
2026-06-10T20:09:25,worker2,udp,227
2026-06-10T20:09:25,worker3,tcp,388
2026-06-10T20:09:25,worker3,udp,121
2026-06-10T20:09:25,worker4,tcp,384
2026-06-10T20:09:25,worker4,udp,109
2026-06-10T20:09:31,worker1,tcp,1505
2026-06-10T20:09:31,worker1,udp,426
2026-06-10T20:09:31,worker2,tcp,1904
2026-06-10T20:09:31,worker2,udp,246
2026-06-10T20:09:31,worker3,tcp,392
2026-06-10T20:09:31,worker3,udp,139
2026-06-10T20:09:31,worker4,tcp,387
2026-06-10T20:09:31,worker4,udp,121
2026-06-10T20:09:37,worker1,tcp,1489
2026-06-10T20:09:37,worker1,udp,433
2026-06-10T20:09:37,worker2,tcp,1995
2026-06-10T20:09:37,worker2,udp,240
2026-06-10T20:09:37,worker3,tcp,384
2026-06-10T20:09:37,worker3,udp,139
2026-06-10T20:09:37,worker4,tcp,384
2026-06-10T20:09:37,worker4,udp,121
2026-06-10T20:09:43,worker1,tcp,1520
2026-06-10T20:09:43,worker1,udp,463
2026-06-10T20:09:43,worker2,tcp,1931
2026-06-10T20:09:43,worker2,udp,241
2026-06-10T20:09:43,worker3,tcp,388
2026-06-10T20:09:43,worker3,udp,154
2026-06-10T20:09:43,worker4,tcp,382
2026-06-10T20:09:43,worker4,udp,127
2026-06-10T20:09:49,worker1,tcp,1539
2026-06-10T20:09:49,worker1,udp,463
2026-06-10T20:09:49,worker2,tcp,2056
2026-06-10T20:09:49,worker2,udp,256
2026-06-10T20:09:49,worker3,tcp,385
2026-06-10T20:09:49,worker3,udp,142
2026-06-10T20:09:49,worker4,tcp,383
2026-06-10T20:09:49,worker4,udp,121
2026-06-10T20:09:55,worker1,tcp,1573
2026-06-10T20:09:55,worker1,udp,483
2026-06-10T20:09:55,worker2,tcp,1969
2026-06-10T20:09:55,worker2,udp,249
2026-06-10T20:09:55,worker3,tcp,384
2026-06-10T20:09:55,worker3,udp,148
2026-06-10T20:09:55,worker4,tcp,386
2026-06-10T20:09:55,worker4,udp,134
2026-06-10T20:10:01,worker1,tcp,1576
2026-06-10T20:10:01,worker1,udp,454
2026-06-10T20:10:01,worker2,tcp,1987
2026-06-10T20:10:01,worker2,udp,250
2026-06-10T20:10:01,worker3,tcp,385
2026-06-10T20:10:01,worker3,udp,132
2026-06-10T20:10:01,worker4,tcp,386
2026-06-10T20:10:01,worker4,udp,127
2026-06-10T20:10:06,worker1,tcp,1610
2026-06-10T20:10:06,worker1,udp,488
2026-06-10T20:10:06,worker2,tcp,1970
2026-06-10T20:10:06,worker2,udp,249
2026-06-10T20:10:06,worker3,tcp,387
2026-06-10T20:10:06,worker3,udp,149
2026-06-10T20:10:06,worker4,tcp,385
2026-06-10T20:10:06,worker4,udp,133
2026-06-10T20:10:13,worker1,tcp,1580
2026-06-10T20:10:13,worker1,udp,457
2026-06-10T20:10:13,worker2,tcp,1973
2026-06-10T20:10:13,worker2,udp,242
2026-06-10T20:10:13,worker3,tcp,381
2026-06-10T20:10:13,worker3,udp,137
2026-06-10T20:10:13,worker4,tcp,379
2026-06-10T20:10:13,worker4,udp,119
2026-06-10T20:10:19,worker1,tcp,1557
2026-06-10T20:10:19,worker1,udp,422
2026-06-10T20:10:19,worker2,tcp,1969
2026-06-10T20:10:19,worker2,udp,220
2026-06-10T20:10:19,worker3,tcp,381
2026-06-10T20:10:19,worker3,udp,131
2026-06-10T20:10:19,worker4,tcp,379
2026-06-10T20:10:19,worker4,udp,119
2026-06-10T20:10:25,worker1,tcp,1457
2026-06-10T20:10:25,worker1,udp,324
2026-06-10T20:10:25,worker2,tcp,1844
2026-06-10T20:10:25,worker2,udp,174
2026-06-10T20:10:25,worker3,tcp,377
2026-06-10T20:10:25,worker3,udp,97
2026-06-10T20:10:25,worker4,tcp,371
2026-06-10T20:10:25,worker4,udp,95
2026-06-10T20:10:31,worker1,tcp,1369
2026-06-10T20:10:31,worker1,udp,242
2026-06-10T20:10:31,worker2,tcp,1839
2026-06-10T20:10:31,worker2,udp,139
2026-06-10T20:10:31,worker3,tcp,381
2026-06-10T20:10:31,worker3,udp,109
2026-06-10T20:10:31,worker4,tcp,360
2026-06-10T20:10:31,worker4,udp,89
2026-06-10T20:10:39,worker1,tcp,1307
2026-06-10T20:10:39,worker1,udp,140
2026-06-10T20:10:39,worker2,tcp,702
2026-06-10T20:10:39,worker2,udp,94
2026-06-10T20:10:39,worker3,tcp,350
2026-06-10T20:10:39,worker3,udp,92
2026-06-10T20:10:39,worker4,tcp,363
2026-06-10T20:10:39,worker4,udp,72
2026-06-10T20:10:45,worker1,tcp,957
2026-06-10T20:10:45,worker1,udp,62
2026-06-10T20:10:45,worker2,tcp,675
2026-06-10T20:10:45,worker2,udp,71
2026-06-10T20:10:45,worker3,tcp,320
2026-06-10T20:10:45,worker3,udp,79
2026-06-10T20:10:45,worker4,tcp,336
2026-06-10T20:10:45,worker4,udp,58
2026-06-10T20:10:51,worker1,tcp,924
2026-06-10T20:10:51,worker1,udp,40
2026-06-10T20:10:51,worker2,tcp,451
2026-06-10T20:10:51,worker2,udp,63
2026-06-10T20:10:51,worker3,tcp,324
2026-06-10T20:10:51,worker3,udp,71
2026-06-10T20:10:51,worker4,tcp,337
2026-06-10T20:10:51,worker4,udp,58
2026-06-10T20:10:57,worker1,tcp,893
2026-06-10T20:10:57,worker1,udp,34
2026-06-10T20:10:57,worker2,tcp,439
2026-06-10T20:10:57,worker2,udp,58
2026-06-10T20:10:57,worker3,tcp,332
2026-06-10T20:10:57,worker3,udp,97
2026-06-10T20:10:57,worker4,tcp,338
2026-06-10T20:10:57,worker4,udp,58
2026-06-10T20:11:05,worker1,tcp,841
2026-06-10T20:11:05,worker1,udp,29
2026-06-10T20:11:05,worker2,tcp,378
2026-06-10T20:11:05,worker2,udp,52
2026-06-10T20:11:05,worker3,tcp,329
2026-06-10T20:11:05,worker3,udp,83
2026-06-10T20:11:05,worker4,tcp,339
2026-06-10T20:11:05,worker4,udp,43
2026-06-10T20:11:11,worker1,tcp,818
2026-06-10T20:11:11,worker1,udp,37
2026-06-10T20:11:11,worker2,tcp,400
2026-06-10T20:11:11,worker2,udp,67
2026-06-10T20:11:11,worker3,tcp,325
2026-06-10T20:11:11,worker3,udp,87
2026-06-10T20:11:11,worker4,tcp,351
2026-06-10T20:11:11,worker4,udp,57
2026-06-10T20:11:17,worker1,tcp,789
2026-06-10T20:11:17,worker1,udp,24
2026-06-10T20:11:17,worker2,tcp,417
2026-06-10T20:11:17,worker2,udp,73
2026-06-10T20:11:17,worker3,tcp,322
2026-06-10T20:11:17,worker3,udp,55
2026-06-10T20:11:17,worker4,tcp,367
2026-06-10T20:11:17,worker4,udp,78
2026-06-10T20:11:24,worker1,tcp,737
2026-06-10T20:11:24,worker1,udp,70
2026-06-10T20:11:24,worker2,tcp,403
2026-06-10T20:11:24,worker2,udp,76
2026-06-10T20:11:24,worker3,tcp,321
2026-06-10T20:11:24,worker3,udp,53
2026-06-10T20:11:24,worker4,tcp,355
2026-06-10T20:11:24,worker4,udp,78
2026-06-10T20:11:30,worker1,tcp,671
2026-06-10T20:11:30,worker1,udp,65
2026-06-10T20:11:30,worker2,tcp,388
2026-06-10T20:11:30,worker2,udp,71
2026-06-10T20:11:30,worker3,tcp,314
2026-06-10T20:11:30,worker3,udp,29
2026-06-10T20:11:30,worker4,tcp,340
2026-06-10T20:11:30,worker4,udp,79
2026-06-10T20:11:37,worker1,tcp,638
2026-06-10T20:11:37,worker1,udp,78
2026-06-10T20:11:37,worker2,tcp,376
2026-06-10T20:11:37,worker2,udp,81
2026-06-10T20:11:37,worker3,tcp,336
2026-06-10T20:11:37,worker3,udp,25
2026-06-10T20:11:37,worker4,tcp,355
2026-06-10T20:11:37,worker4,udp,81
2026-06-10T20:11:43,worker1,tcp,589
2026-06-10T20:11:43,worker1,udp,76
2026-06-10T20:11:43,worker2,tcp,372
2026-06-10T20:11:43,worker2,udp,77
2026-06-10T20:11:43,worker3,tcp,319
2026-06-10T20:11:43,worker3,udp,15
2026-06-10T20:11:43,worker4,tcp,356
2026-06-10T20:11:43,worker4,udp,79
2026-06-10T20:11:49,worker1,tcp,554
2026-06-10T20:11:49,worker1,udp,57
2026-06-10T20:11:49,worker2,tcp,400
2026-06-10T20:11:49,worker2,udp,90
2026-06-10T20:11:49,worker3,tcp,315
2026-06-10T20:11:49,worker3,udp,17
2026-06-10T20:11:49,worker4,tcp,363
2026-06-10T20:11:49,worker4,udp,88
2026-06-10T20:11:56,worker1,tcp,493
2026-06-10T20:11:56,worker1,udp,66
2026-06-10T20:11:56,worker2,tcp,394
2026-06-10T20:11:56,worker2,udp,84
2026-06-10T20:11:56,worker3,tcp,304
2026-06-10T20:11:56,worker3,udp,17
2026-06-10T20:11:56,worker4,tcp,324
2026-06-10T20:11:56,worker4,udp,91
2026-06-10T20:12:03,worker1,tcp,482
2026-06-10T20:12:03,worker1,udp,74
2026-06-10T20:12:03,worker2,tcp,364
2026-06-10T20:12:03,worker2,udp,79
2026-06-10T20:12:03,worker3,tcp,303
2026-06-10T20:12:03,worker3,udp,21
2026-06-10T20:12:03,worker4,tcp,322
2026-06-10T20:12:03,worker4,udp,86
2026-06-10T20:12:09,worker1,tcp,420
2026-06-10T20:12:09,worker1,udp,52
2026-06-10T20:12:09,worker2,tcp,346
2026-06-10T20:12:09,worker2,udp,60
2026-06-10T20:12:09,worker3,tcp,296
2026-06-10T20:12:09,worker3,udp,17
2026-06-10T20:12:09,worker4,tcp,310
2026-06-10T20:12:09,worker4,udp,85
2026-06-10T20:12:15,worker1,tcp,381
2026-06-10T20:12:15,worker1,udp,63
2026-06-10T20:12:15,worker2,tcp,345
2026-06-10T20:12:15,worker2,udp,64
2026-06-10T20:12:15,worker3,tcp,296
2026-06-10T20:12:15,worker3,udp,17
2026-06-10T20:12:15,worker4,tcp,310
2026-06-10T20:12:15,worker4,udp,85
2026-06-10T20:12:21,worker1,tcp,383
2026-06-10T20:12:21,worker1,udp,54
2026-06-10T20:12:21,worker2,tcp,344
2026-06-10T20:12:21,worker2,udp,51
2026-06-10T20:12:21,worker3,tcp,293
2026-06-10T20:12:21,worker3,udp,11
2026-06-10T20:12:21,worker4,tcp,308
2026-06-10T20:12:21,worker4,udp,58
2026-06-10T20:12:28,worker1,tcp,401
2026-06-10T20:12:28,worker1,udp,43
2026-06-10T20:12:28,worker2,tcp,336
2026-06-10T20:12:28,worker2,udp,36
2026-06-10T20:12:28,worker3,tcp,293
2026-06-10T20:12:28,worker3,udp,9
2026-06-10T20:12:28,worker4,tcp,308
2026-06-10T20:12:28,worker4,udp,48
2026-06-10T20:12:34,worker1,tcp,409
2026-06-10T20:12:34,worker1,udp,37
2026-06-10T20:12:34,worker2,tcp,336
2026-06-10T20:12:34,worker2,udp,31
2026-06-10T20:12:34,worker3,tcp,293
2026-06-10T20:12:34,worker3,udp,3
2026-06-10T20:12:34,worker4,tcp,307
2026-06-10T20:12:34,worker4,udp,46
2026-06-10T20:12:40,worker1,tcp,420
2026-06-10T20:12:40,worker1,udp,32
2026-06-10T20:12:40,worker2,tcp,334
2026-06-10T20:12:40,worker2,udp,16
2026-06-10T20:12:40,worker3,tcp,321
2026-06-10T20:12:40,worker3,udp,3
2026-06-10T20:12:40,worker4,tcp,335
2026-06-10T20:12:40,worker4,udp,36
2026-06-10T20:12:46,worker1,tcp,427
2026-06-10T20:12:46,worker1,udp,10
2026-06-10T20:12:46,worker2,tcp,325
2026-06-10T20:12:46,worker2,udp,4
2026-06-10T20:12:46,worker3,tcp,281
2026-06-10T20:12:46,worker3,udp,3
2026-06-10T20:12:46,worker4,tcp,334
2026-06-10T20:12:46,worker4,udp,36
2026-06-10T20:12:51,worker1,tcp,441
2026-06-10T20:12:51,worker1,udp,14
2026-06-10T20:12:51,worker2,tcp,326
2026-06-10T20:12:51,worker2,udp,6
2026-06-10T20:12:51,worker3,tcp,281
2026-06-10T20:12:51,worker3,udp,3
2026-06-10T20:12:51,worker4,tcp,306
2026-06-10T20:12:51,worker4,udp,36
2026-06-10T20:12:58,worker1,tcp,476
2026-06-10T20:12:58,worker1,udp,16
2026-06-10T20:12:58,worker2,tcp,355
2026-06-10T20:12:58,worker2,udp,6
2026-06-10T20:12:58,worker3,tcp,282
2026-06-10T20:12:58,worker3,udp,3
2026-06-10T20:12:58,worker4,tcp,308
2026-06-10T20:12:58,worker4,udp,36
2026-06-10T20:13:04,worker1,tcp,519
2026-06-10T20:13:04,worker1,udp,16
2026-06-10T20:13:04,worker2,tcp,329
2026-06-10T20:13:04,worker2,udp,6
2026-06-10T20:13:04,worker3,tcp,282
2026-06-10T20:13:04,worker3,udp,3
2026-06-10T20:13:04,worker4,tcp,308
2026-06-10T20:13:04,worker4,udp,36
2026-06-10T20:13:10,worker1,tcp,538
2026-06-10T20:13:10,worker1,udp,16
2026-06-10T20:13:10,worker2,tcp,331
2026-06-10T20:13:10,worker2,udp,6
2026-06-10T20:13:10,worker3,tcp,280
2026-06-10T20:13:10,worker3,udp,3
2026-06-10T20:13:10,worker4,tcp,307
2026-06-10T20:13:10,worker4,udp,36
2026-06-10T20:13:16,worker1,tcp,548
2026-06-10T20:13:16,worker1,udp,12
2026-06-10T20:13:16,worker2,tcp,331
2026-06-10T20:13:16,worker2,udp,6
2026-06-10T20:13:16,worker3,tcp,281
2026-06-10T20:13:16,worker3,udp,3
2026-06-10T20:13:16,worker4,tcp,307
2026-06-10T20:13:16,worker4,udp,36
2026-06-10T20:13:22,worker1,tcp,574
2026-06-10T20:13:22,worker1,udp,12
2026-06-10T20:13:22,worker2,tcp,331
2026-06-10T20:13:22,worker2,udp,6
2026-06-10T20:13:22,worker3,tcp,280
2026-06-10T20:13:22,worker3,udp,3
2026-06-10T20:13:22,worker4,tcp,305
2026-06-10T20:13:22,worker4,udp,36
2026-06-10T20:13:28,worker1,tcp,620
2026-06-10T20:13:28,worker1,udp,12
2026-06-10T20:13:28,worker2,tcp,330
2026-06-10T20:13:28,worker2,udp,6
2026-06-10T20:13:28,worker3,tcp,277
2026-06-10T20:13:28,worker3,udp,3
2026-06-10T20:13:28,worker4,tcp,304
2026-06-10T20:13:28,worker4,udp,36
2026-06-10T20:13:34,worker1,tcp,1108
2026-06-10T20:13:34,worker1,udp,12
2026-06-10T20:13:34,worker2,tcp,330
2026-06-10T20:13:34,worker2,udp,8
2026-06-10T20:13:34,worker3,tcp,275
2026-06-10T20:13:34,worker3,udp,3
2026-06-10T20:13:34,worker4,tcp,305
2026-06-10T20:13:34,worker4,udp,36
2026-06-10T20:13:41,worker1,tcp,1664
2026-06-10T20:13:41,worker1,udp,16
2026-06-10T20:13:41,worker2,tcp,314
2026-06-10T20:13:41,worker2,udp,10
2026-06-10T20:13:41,worker3,tcp,274
2026-06-10T20:13:41,worker3,udp,3
2026-06-10T20:13:41,worker4,tcp,304
2026-06-10T20:13:41,worker4,udp,36
2026-06-10T20:13:47,worker1,tcp,2082
2026-06-10T20:13:47,worker1,udp,24
2026-06-10T20:13:47,worker2,tcp,317
2026-06-10T20:13:47,worker2,udp,17
2026-06-10T20:13:47,worker3,tcp,274
2026-06-10T20:13:47,worker3,udp,3
2026-06-10T20:13:47,worker4,tcp,305
2026-06-10T20:13:47,worker4,udp,36
2026-06-10T20:13:53,worker1,tcp,2408
2026-06-10T20:13:53,worker1,udp,24
2026-06-10T20:13:53,worker2,tcp,316
2026-06-10T20:13:53,worker2,udp,17
2026-06-10T20:13:53,worker3,tcp,292
2026-06-10T20:13:53,worker3,udp,3
2026-06-10T20:13:53,worker4,tcp,317
2026-06-10T20:13:53,worker4,udp,36
2026-06-10T20:13:59,worker1,tcp,2522
2026-06-10T20:13:59,worker1,udp,26
2026-06-10T20:13:59,worker2,tcp,316
2026-06-10T20:13:59,worker2,udp,22
2026-06-10T20:13:59,worker3,tcp,293
2026-06-10T20:13:59,worker3,udp,3
2026-06-10T20:13:59,worker4,tcp,317
2026-06-10T20:13:59,worker4,udp,36
2026-06-10T20:14:05,worker1,tcp,2700
2026-06-10T20:14:05,worker1,udp,28
2026-06-10T20:14:05,worker2,tcp,316
2026-06-10T20:14:05,worker2,udp,22
2026-06-10T20:14:05,worker3,tcp,288
2026-06-10T20:14:05,worker3,udp,3
2026-06-10T20:14:05,worker4,tcp,315
2026-06-10T20:14:05,worker4,udp,36
2026-06-10T20:14:11,worker1,tcp,2850
2026-06-10T20:14:11,worker1,udp,30
2026-06-10T20:14:11,worker2,tcp,306
2026-06-10T20:14:11,worker2,udp,22
2026-06-10T20:14:11,worker3,tcp,289
2026-06-10T20:14:11,worker3,udp,3
2026-06-10T20:14:11,worker4,tcp,312
2026-06-10T20:14:11,worker4,udp,36
2026-06-10T20:14:17,worker1,tcp,2896
2026-06-10T20:14:17,worker1,udp,30
2026-06-10T20:14:17,worker2,tcp,301
2026-06-10T20:14:17,worker2,udp,19
2026-06-10T20:14:17,worker3,tcp,289
2026-06-10T20:14:17,worker3,udp,3
2026-06-10T20:14:17,worker4,tcp,312
2026-06-10T20:14:17,worker4,udp,36
2026-06-10T20:14:23,worker1,tcp,3059
2026-06-10T20:14:23,worker1,udp,30
2026-06-10T20:14:23,worker2,tcp,302
2026-06-10T20:14:23,worker2,udp,21
2026-06-10T20:14:23,worker3,tcp,291
2026-06-10T20:14:23,worker3,udp,3
2026-06-10T20:14:23,worker4,tcp,315
2026-06-10T20:14:23,worker4,udp,36
2026-06-10T20:14:29,worker1,tcp,3138
2026-06-10T20:14:29,worker1,udp,22
2026-06-10T20:14:29,worker2,tcp,302
2026-06-10T20:14:29,worker2,udp,6
2026-06-10T20:14:29,worker3,tcp,291
2026-06-10T20:14:29,worker3,udp,3
2026-06-10T20:14:29,worker4,tcp,315
2026-06-10T20:14:29,worker4,udp,36
2026-06-10T20:14:35,worker1,tcp,3315
2026-06-10T20:14:35,worker1,udp,22
2026-06-10T20:14:35,worker2,tcp,302
2026-06-10T20:14:35,worker2,udp,6
2026-06-10T20:14:35,worker3,tcp,293
2026-06-10T20:14:35,worker3,udp,3
2026-06-10T20:14:35,worker4,tcp,318
2026-06-10T20:14:35,worker4,udp,36
2026-06-10T20:14:41,worker1,tcp,3373
2026-06-10T20:14:41,worker1,udp,24
2026-06-10T20:14:41,worker2,tcp,302
2026-06-10T20:14:41,worker2,udp,9
2026-06-10T20:14:41,worker3,tcp,292
2026-06-10T20:14:41,worker3,udp,3
2026-06-10T20:14:41,worker4,tcp,317
2026-06-10T20:14:41,worker4,udp,36
2026-06-10T20:14:47,worker1,tcp,3517
2026-06-10T20:14:47,worker1,udp,24
2026-06-10T20:14:47,worker2,tcp,302
2026-06-10T20:14:47,worker2,udp,9
2026-06-10T20:14:47,worker3,tcp,294
2026-06-10T20:14:47,worker3,udp,3
2026-06-10T20:14:47,worker4,tcp,320
2026-06-10T20:14:47,worker4,udp,36
2026-06-10T20:14:54,worker1,tcp,3664
2026-06-10T20:14:54,worker1,udp,24
2026-06-10T20:14:54,worker2,tcp,302
2026-06-10T20:14:54,worker2,udp,9
2026-06-10T20:14:54,worker3,tcp,296
2026-06-10T20:14:54,worker3,udp,3
2026-06-10T20:14:54,worker4,tcp,322
2026-06-10T20:14:54,worker4,udp,36
2026-06-10T20:15:00,worker1,tcp,3703
2026-06-10T20:15:00,worker1,udp,26
2026-06-10T20:15:00,worker2,tcp,306
2026-06-10T20:15:00,worker2,udp,13
2026-06-10T20:15:00,worker3,tcp,299
2026-06-10T20:15:00,worker3,udp,9
2026-06-10T20:15:00,worker4,tcp,320
2026-06-10T20:15:00,worker4,udp,36
2026-06-10T20:15:06,worker1,tcp,3845
2026-06-10T20:15:06,worker1,udp,16
2026-06-10T20:15:06,worker2,tcp,310
2026-06-10T20:15:06,worker2,udp,22
2026-06-10T20:15:06,worker3,tcp,301
2026-06-10T20:15:06,worker3,udp,9
2026-06-10T20:15:06,worker4,tcp,322
2026-06-10T20:15:06,worker4,udp,36
2026-06-10T20:15:12,worker1,tcp,3874
2026-06-10T20:15:12,worker1,udp,22
2026-06-10T20:15:12,worker2,tcp,321
2026-06-10T20:15:12,worker2,udp,38
2026-06-10T20:15:12,worker3,tcp,302
2026-06-10T20:15:12,worker3,udp,9
2026-06-10T20:15:12,worker4,tcp,324
2026-06-10T20:15:12,worker4,udp,36
2026-06-10T20:15:18,worker1,tcp,4018
2026-06-10T20:15:18,worker1,udp,22
2026-06-10T20:15:18,worker2,tcp,320
2026-06-10T20:15:18,worker2,udp,39
2026-06-10T20:15:18,worker3,tcp,310
2026-06-10T20:15:18,worker3,udp,29
2026-06-10T20:15:18,worker4,tcp,325
2026-06-10T20:15:18,worker4,udp,36
2026-06-10T20:15:24,worker1,tcp,4048
2026-06-10T20:15:24,worker1,udp,20
2026-06-10T20:15:24,worker2,tcp,318
2026-06-10T20:15:24,worker2,udp,41
2026-06-10T20:15:24,worker3,tcp,319
2026-06-10T20:15:24,worker3,udp,47
2026-06-10T20:15:24,worker4,tcp,326
2026-06-10T20:15:24,worker4,udp,36
2026-06-10T20:15:30,worker1,tcp,4039
2026-06-10T20:15:30,worker1,udp,49
2026-06-10T20:15:30,worker2,tcp,320
2026-06-10T20:15:30,worker2,udp,46
2026-06-10T20:15:30,worker3,tcp,330
2026-06-10T20:15:30,worker3,udp,68
2026-06-10T20:15:30,worker4,tcp,328
2026-06-10T20:15:30,worker4,udp,34
2026-06-10T20:15:36,worker1,tcp,3706
2026-06-10T20:15:36,worker1,udp,72
2026-06-10T20:15:36,worker2,tcp,321
2026-06-10T20:15:36,worker2,udp,36
2026-06-10T20:15:36,worker3,tcp,344
2026-06-10T20:15:36,worker3,udp,89
2026-06-10T20:15:36,worker4,tcp,334
2026-06-10T20:15:36,worker4,udp,40
2026-06-10T20:15:42,worker1,tcp,3240
2026-06-10T20:15:42,worker1,udp,96
2026-06-10T20:15:42,worker2,tcp,323
2026-06-10T20:15:42,worker2,udp,23
2026-06-10T20:15:42,worker3,tcp,345
2026-06-10T20:15:42,worker3,udp,109
2026-06-10T20:15:42,worker4,tcp,338
2026-06-10T20:15:42,worker4,udp,40
2026-06-10T20:15:48,worker1,tcp,2979
2026-06-10T20:15:48,worker1,udp,125
2026-06-10T20:15:48,worker2,tcp,327
2026-06-10T20:15:48,worker2,udp,28
2026-06-10T20:15:48,worker3,tcp,348
2026-06-10T20:15:48,worker3,udp,107
2026-06-10T20:15:48,worker4,tcp,336
2026-06-10T20:15:48,worker4,udp,42
2026-06-10T20:15:54,worker1,tcp,2937
2026-06-10T20:15:54,worker1,udp,149
2026-06-10T20:15:54,worker2,tcp,325
2026-06-10T20:15:54,worker2,udp,27
2026-06-10T20:15:54,worker3,tcp,343
2026-06-10T20:15:54,worker3,udp,123
2026-06-10T20:15:54,worker4,tcp,332
2026-06-10T20:15:54,worker4,udp,42
2026-06-10T20:16:00,worker1,tcp,2940
2026-06-10T20:16:00,worker1,udp,152
2026-06-10T20:16:00,worker2,tcp,322
2026-06-10T20:16:00,worker2,udp,27
2026-06-10T20:16:00,worker3,tcp,348
2026-06-10T20:16:00,worker3,udp,131
2026-06-10T20:16:00,worker4,tcp,335
2026-06-10T20:16:00,worker4,udp,44
2026-06-10T20:16:06,worker1,tcp,2975
2026-06-10T20:16:06,worker1,udp,158
2026-06-10T20:16:06,worker2,tcp,325
2026-06-10T20:16:06,worker2,udp,30
2026-06-10T20:16:06,worker3,tcp,351
2026-06-10T20:16:06,worker3,udp,135
2026-06-10T20:16:06,worker4,tcp,338
2026-06-10T20:16:06,worker4,udp,48
2026-06-10T20:16:12,worker1,tcp,2996
2026-06-10T20:16:12,worker1,udp,167
2026-06-10T20:16:12,worker2,tcp,334
2026-06-10T20:16:12,worker2,udp,45
2026-06-10T20:16:12,worker3,tcp,352
2026-06-10T20:16:12,worker3,udp,133
2026-06-10T20:16:12,worker4,tcp,334
2026-06-10T20:16:12,worker4,udp,48
2026-06-10T20:16:18,worker1,tcp,3084
2026-06-10T20:16:18,worker1,udp,159
2026-06-10T20:16:18,worker2,tcp,332
2026-06-10T20:16:18,worker2,udp,37
2026-06-10T20:16:18,worker3,tcp,353
2026-06-10T20:16:18,worker3,udp,130
2026-06-10T20:16:18,worker4,tcp,333
2026-06-10T20:16:18,worker4,udp,44
2026-06-10T20:16:24,worker1,tcp,3013
2026-06-10T20:16:24,worker1,udp,147
2026-06-10T20:16:24,worker2,tcp,332
2026-06-10T20:16:24,worker2,udp,42
2026-06-10T20:16:24,worker3,tcp,347
2026-06-10T20:16:24,worker3,udp,117
2026-06-10T20:16:24,worker4,tcp,333
2026-06-10T20:16:24,worker4,udp,44
2026-06-10T20:16:29,worker1,tcp,3124
2026-06-10T20:16:29,worker1,udp,137
2026-06-10T20:16:29,worker2,tcp,334
2026-06-10T20:16:29,worker2,udp,38
2026-06-10T20:16:29,worker3,tcp,345
2026-06-10T20:16:29,worker3,udp,108
2026-06-10T20:16:29,worker4,tcp,333
2026-06-10T20:16:29,worker4,udp,42
2026-06-10T20:16:35,worker1,tcp,2946
2026-06-10T20:16:35,worker1,udp,125
2026-06-10T20:16:35,worker2,tcp,336
2026-06-10T20:16:35,worker2,udp,41
2026-06-10T20:16:35,worker3,tcp,349
2026-06-10T20:16:35,worker3,udp,98
2026-06-10T20:16:35,worker4,tcp,334
2026-06-10T20:16:35,worker4,udp,42
2026-06-10T20:16:41,worker1,tcp,3026
2026-06-10T20:16:41,worker1,udp,98
2026-06-10T20:16:41,worker2,tcp,338
2026-06-10T20:16:41,worker2,udp,25
2026-06-10T20:16:41,worker3,tcp,350
2026-06-10T20:16:41,worker3,udp,85
2026-06-10T20:16:41,worker4,tcp,340
2026-06-10T20:16:41,worker4,udp,40
2026-06-10T20:16:48,worker1,tcp,2960
2026-06-10T20:16:48,worker1,udp,92
2026-06-10T20:16:48,worker2,tcp,341
2026-06-10T20:16:48,worker2,udp,30
2026-06-10T20:16:48,worker3,tcp,354
2026-06-10T20:16:48,worker3,udp,72
2026-06-10T20:16:48,worker4,tcp,340
2026-06-10T20:16:48,worker4,udp,36
2026-06-10T20:16:54,worker1,tcp,2955
2026-06-10T20:16:54,worker1,udp,88
2026-06-10T20:16:54,worker2,tcp,340
2026-06-10T20:16:54,worker2,udp,27
2026-06-10T20:16:54,worker3,tcp,355
2026-06-10T20:16:54,worker3,udp,69
2026-06-10T20:16:54,worker4,tcp,329
2026-06-10T20:16:54,worker4,udp,36
2026-06-10T20:17:00,worker1,tcp,3040
2026-06-10T20:17:00,worker1,udp,91
2026-06-10T20:17:00,worker2,tcp,345
2026-06-10T20:17:00,worker2,udp,33
2026-06-10T20:17:00,worker3,tcp,360
2026-06-10T20:17:00,worker3,udp,66
2026-06-10T20:17:00,worker4,tcp,331
2026-06-10T20:17:00,worker4,udp,36
2026-06-10T20:17:06,worker1,tcp,2976
2026-06-10T20:17:06,worker1,udp,92
2026-06-10T20:17:06,worker2,tcp,341
2026-06-10T20:17:06,worker2,udp,29
2026-06-10T20:17:06,worker3,tcp,365
2026-06-10T20:17:06,worker3,udp,71
2026-06-10T20:17:06,worker4,tcp,332
2026-06-10T20:17:06,worker4,udp,36
2026-06-10T20:17:12,worker1,tcp,3096
2026-06-10T20:17:12,worker1,udp,101
2026-06-10T20:17:12,worker2,tcp,344
2026-06-10T20:17:12,worker2,udp,35
2026-06-10T20:17:12,worker3,tcp,368
2026-06-10T20:17:12,worker3,udp,72
2026-06-10T20:17:12,worker4,tcp,331
2026-06-10T20:17:12,worker4,udp,36
2026-06-10T20:17:18,worker1,tcp,2979
2026-06-10T20:17:18,worker1,udp,93
2026-06-10T20:17:18,worker2,tcp,344
2026-06-10T20:17:18,worker2,udp,26
2026-06-10T20:17:18,worker3,tcp,369
2026-06-10T20:17:18,worker3,udp,71
2026-06-10T20:17:18,worker4,tcp,334
2026-06-10T20:17:18,worker4,udp,36
2026-06-10T20:17:24,worker1,tcp,3055
2026-06-10T20:17:24,worker1,udp,96
2026-06-10T20:17:24,worker2,tcp,346
2026-06-10T20:17:24,worker2,udp,32
2026-06-10T20:17:24,worker3,tcp,366
2026-06-10T20:17:24,worker3,udp,70
2026-06-10T20:17:24,worker4,tcp,330
2026-06-10T20:17:24,worker4,udp,36
2026-06-10T20:17:30,worker1,tcp,2959
2026-06-10T20:17:30,worker1,udp,98
2026-06-10T20:17:30,worker2,tcp,342
2026-06-10T20:17:30,worker2,udp,29
2026-06-10T20:17:30,worker3,tcp,371
2026-06-10T20:17:30,worker3,udp,70
2026-06-10T20:17:30,worker4,tcp,332
2026-06-10T20:17:30,worker4,udp,36
2026-06-10T20:17:36,worker1,tcp,2985
2026-06-10T20:17:36,worker1,udp,97
2026-06-10T20:17:36,worker2,tcp,344
2026-06-10T20:17:36,worker2,udp,35
2026-06-10T20:17:36,worker3,tcp,374
2026-06-10T20:17:36,worker3,udp,72
2026-06-10T20:17:36,worker4,tcp,332
2026-06-10T20:17:36,worker4,udp,36
2026-06-10T20:17:42,worker1,tcp,3082
2026-06-10T20:17:42,worker1,udp,94
2026-06-10T20:17:42,worker2,tcp,344
2026-06-10T20:17:42,worker2,udp,29
2026-06-10T20:17:42,worker3,tcp,375
2026-06-10T20:17:42,worker3,udp,72
2026-06-10T20:17:42,worker4,tcp,330
2026-06-10T20:17:42,worker4,udp,36
2026-06-10T20:17:49,worker1,tcp,2941
2026-06-10T20:17:49,worker1,udp,96
2026-06-10T20:17:49,worker2,tcp,345
2026-06-10T20:17:49,worker2,udp,38
2026-06-10T20:17:49,worker3,tcp,371
2026-06-10T20:17:49,worker3,udp,67
2026-06-10T20:17:49,worker4,tcp,329
2026-06-10T20:17:49,worker4,udp,36
2026-06-10T20:17:55,worker1,tcp,3018
2026-06-10T20:17:55,worker1,udp,97
2026-06-10T20:17:55,worker2,tcp,343
2026-06-10T20:17:55,worker2,udp,30
2026-06-10T20:17:55,worker3,tcp,370
2026-06-10T20:17:55,worker3,udp,71
2026-06-10T20:17:55,worker4,tcp,328
2026-06-10T20:17:55,worker4,udp,36
2026-06-10T20:18:01,worker1,tcp,2890
2026-06-10T20:18:01,worker1,udp,94
2026-06-10T20:18:01,worker2,tcp,344
2026-06-10T20:18:01,worker2,udp,36
2026-06-10T20:18:01,worker3,tcp,374
2026-06-10T20:18:01,worker3,udp,71
2026-06-10T20:18:01,worker4,tcp,329
2026-06-10T20:18:01,worker4,udp,36
2026-06-10T20:18:07,worker1,tcp,2874
2026-06-10T20:18:07,worker1,udp,97
2026-06-10T20:18:07,worker2,tcp,343
2026-06-10T20:18:07,worker2,udp,29
2026-06-10T20:18:07,worker3,tcp,374
2026-06-10T20:18:07,worker3,udp,73
2026-06-10T20:18:07,worker4,tcp,330
2026-06-10T20:18:07,worker4,udp,36
2026-06-10T20:18:14,worker1,tcp,2801
2026-06-10T20:18:14,worker1,udp,94
2026-06-10T20:18:14,worker2,tcp,340
2026-06-10T20:18:14,worker2,udp,29
2026-06-10T20:18:14,worker3,tcp,369
2026-06-10T20:18:14,worker3,udp,69
2026-06-10T20:18:14,worker4,tcp,326
2026-06-10T20:18:14,worker4,udp,36
2026-06-10T20:18:22,worker1,tcp,2707
2026-06-10T20:18:22,worker1,udp,92
2026-06-10T20:18:22,worker2,tcp,338
2026-06-10T20:18:22,worker2,udp,24
2026-06-10T20:18:22,worker3,tcp,372
2026-06-10T20:18:22,worker3,udp,72
2026-06-10T20:18:22,worker4,tcp,328
2026-06-10T20:18:22,worker4,udp,36
2026-06-10T20:18:28,worker1,tcp,2688
2026-06-10T20:18:28,worker1,udp,97
2026-06-10T20:18:28,worker2,tcp,339
2026-06-10T20:18:28,worker2,udp,29
2026-06-10T20:18:28,worker3,tcp,370
2026-06-10T20:18:28,worker3,udp,72
2026-06-10T20:18:28,worker4,tcp,328
2026-06-10T20:18:28,worker4,udp,36
2026-06-10T20:18:34,worker1,tcp,2709
2026-06-10T20:18:34,worker1,udp,94
2026-06-10T20:18:34,worker2,tcp,338
2026-06-10T20:18:34,worker2,udp,25
2026-06-10T20:18:34,worker3,tcp,364
2026-06-10T20:18:34,worker3,udp,68
2026-06-10T20:18:34,worker4,tcp,326
2026-06-10T20:18:34,worker4,udp,36
2026-06-10T20:18:40,worker1,tcp,2698
2026-06-10T20:18:40,worker1,udp,79
2026-06-10T20:18:40,worker2,tcp,335
2026-06-10T20:18:40,worker2,udp,22
2026-06-10T20:18:40,worker3,tcp,356
2026-06-10T20:18:40,worker3,udp,58
2026-06-10T20:18:40,worker4,tcp,329
2026-06-10T20:18:40,worker4,udp,34
2026-06-10T20:18:46,worker1,tcp,2685
2026-06-10T20:18:46,worker1,udp,63
2026-06-10T20:18:46,worker2,tcp,330
2026-06-10T20:18:46,worker2,udp,20
2026-06-10T20:18:46,worker3,tcp,346
2026-06-10T20:18:46,worker3,udp,46
2026-06-10T20:18:46,worker4,tcp,329
2026-06-10T20:18:46,worker4,udp,34
2026-06-10T20:18:53,worker1,tcp,2654
2026-06-10T20:18:53,worker1,udp,53
2026-06-10T20:18:53,worker2,tcp,332
2026-06-10T20:18:53,worker2,udp,22
2026-06-10T20:18:53,worker3,tcp,347
2026-06-10T20:18:53,worker3,udp,36
2026-06-10T20:18:53,worker4,tcp,336
2026-06-10T20:18:53,worker4,udp,40
2026-06-10T20:18:59,worker1,tcp,2700
2026-06-10T20:18:59,worker1,udp,39
2026-06-10T20:18:59,worker2,tcp,329
2026-06-10T20:18:59,worker2,udp,17
2026-06-10T20:18:59,worker3,tcp,344
2026-06-10T20:18:59,worker3,udp,24
2026-06-10T20:18:59,worker4,tcp,336
2026-06-10T20:18:59,worker4,udp,38
2026-06-10T20:19:05,worker1,tcp,2626
2026-06-10T20:19:05,worker1,udp,32
2026-06-10T20:19:05,worker2,tcp,330
2026-06-10T20:19:05,worker2,udp,22
2026-06-10T20:19:05,worker3,tcp,339
2026-06-10T20:19:05,worker3,udp,10
2026-06-10T20:19:05,worker4,tcp,338
2026-06-10T20:19:05,worker4,udp,47
2026-06-10T20:19:11,worker1,tcp,2600
2026-06-10T20:19:11,worker1,udp,29
2026-06-10T20:19:11,worker2,tcp,332
2026-06-10T20:19:11,worker2,udp,20
2026-06-10T20:19:11,worker3,tcp,340
2026-06-10T20:19:11,worker3,udp,7
2026-06-10T20:19:11,worker4,tcp,338
2026-06-10T20:19:11,worker4,udp,49
2026-06-10T20:19:18,worker1,tcp,2606
2026-06-10T20:19:18,worker1,udp,40
2026-06-10T20:19:18,worker2,tcp,340
2026-06-10T20:19:18,worker2,udp,29
2026-06-10T20:19:18,worker3,tcp,337
2026-06-10T20:19:18,worker3,udp,3
2026-06-10T20:19:18,worker4,tcp,337
2026-06-10T20:19:18,worker4,udp,51
2026-06-10T20:19:24,worker1,tcp,2611
2026-06-10T20:19:24,worker1,udp,40
2026-06-10T20:19:24,worker2,tcp,332
2026-06-10T20:19:24,worker2,udp,30
2026-06-10T20:19:24,worker3,tcp,332
2026-06-10T20:19:24,worker3,udp,3
2026-06-10T20:19:24,worker4,tcp,338
2026-06-10T20:19:24,worker4,udp,49
2026-06-10T20:19:30,worker1,tcp,2611
2026-06-10T20:19:30,worker1,udp,36
2026-06-10T20:19:30,worker2,tcp,329
2026-06-10T20:19:30,worker2,udp,29
2026-06-10T20:19:30,worker3,tcp,314
2026-06-10T20:19:30,worker3,udp,3
2026-06-10T20:19:30,worker4,tcp,338
2026-06-10T20:19:30,worker4,udp,51
2026-06-10T20:19:36,worker1,tcp,2593
2026-06-10T20:19:36,worker1,udp,39
2026-06-10T20:19:36,worker2,tcp,327
2026-06-10T20:19:36,worker2,udp,30
2026-06-10T20:19:36,worker3,tcp,318
2026-06-10T20:19:36,worker3,udp,3
2026-06-10T20:19:36,worker4,tcp,335
2026-06-10T20:19:36,worker4,udp,42
2026-06-10T20:19:42,worker1,tcp,2584
2026-06-10T20:19:42,worker1,udp,37
2026-06-10T20:19:42,worker2,tcp,326
2026-06-10T20:19:42,worker2,udp,30
2026-06-10T20:19:42,worker3,tcp,318
2026-06-10T20:19:42,worker3,udp,3
2026-06-10T20:19:42,worker4,tcp,345
2026-06-10T20:19:42,worker4,udp,40
2026-06-10T20:19:48,worker1,tcp,2590
2026-06-10T20:19:48,worker1,udp,27
2026-06-10T20:19:48,worker2,tcp,321
2026-06-10T20:19:48,worker2,udp,20
2026-06-10T20:19:48,worker3,tcp,309
2026-06-10T20:19:48,worker3,udp,3
2026-06-10T20:19:48,worker4,tcp,335
2026-06-10T20:19:48,worker4,udp,34
2026-06-10T20:19:55,worker1,tcp,2590
2026-06-10T20:19:55,worker1,udp,29
2026-06-10T20:19:55,worker2,tcp,332
2026-06-10T20:19:55,worker2,udp,17
2026-06-10T20:19:55,worker3,tcp,307
2026-06-10T20:19:55,worker3,udp,3
2026-06-10T20:19:55,worker4,tcp,335
2026-06-10T20:19:55,worker4,udp,32
2026-06-10T20:20:01,worker1,tcp,2589
2026-06-10T20:20:01,worker1,udp,23
2026-06-10T20:20:01,worker2,tcp,329
2026-06-10T20:20:01,worker2,udp,11
2026-06-10T20:20:01,worker3,tcp,306
2026-06-10T20:20:01,worker3,udp,3
2026-06-10T20:20:01,worker4,tcp,335
2026-06-10T20:20:01,worker4,udp,32
2026-06-10T20:20:07,worker1,tcp,2590
2026-06-10T20:20:07,worker1,udp,23
2026-06-10T20:20:07,worker2,tcp,315
2026-06-10T20:20:07,worker2,udp,11
2026-06-10T20:20:07,worker3,tcp,303
2026-06-10T20:20:07,worker3,udp,3
2026-06-10T20:20:07,worker4,tcp,331
2026-06-10T20:20:07,worker4,udp,32
2026-06-10T20:20:13,worker1,tcp,2720
2026-06-10T20:20:13,worker1,udp,23
2026-06-10T20:20:13,worker2,tcp,314
2026-06-10T20:20:13,worker2,udp,11
2026-06-10T20:20:13,worker3,tcp,305
2026-06-10T20:20:13,worker3,udp,3
2026-06-10T20:20:13,worker4,tcp,333
2026-06-10T20:20:13,worker4,udp,32
2026-06-10T20:20:19,worker1,tcp,2656
2026-06-10T20:20:19,worker1,udp,18
2026-06-10T20:20:19,worker2,tcp,313
2026-06-10T20:20:19,worker2,udp,9
2026-06-10T20:20:19,worker3,tcp,303
2026-06-10T20:20:19,worker3,udp,3
2026-06-10T20:20:19,worker4,tcp,335
2026-06-10T20:20:19,worker4,udp,32
2026-06-10T20:20:26,worker1,tcp,2781
2026-06-10T20:20:26,worker1,udp,20
2026-06-10T20:20:26,worker2,tcp,317
2026-06-10T20:20:26,worker2,udp,25
2026-06-10T20:20:26,worker3,tcp,305
2026-06-10T20:20:26,worker3,udp,9
2026-06-10T20:20:26,worker4,tcp,335
2026-06-10T20:20:26,worker4,udp,32
2026-06-10T20:20:32,worker1,tcp,2696
2026-06-10T20:20:32,worker1,udp,28
2026-06-10T20:20:32,worker2,tcp,315
2026-06-10T20:20:32,worker2,udp,27
2026-06-10T20:20:32,worker3,tcp,305
2026-06-10T20:20:32,worker3,udp,9
2026-06-10T20:20:32,worker4,tcp,335
2026-06-10T20:20:32,worker4,udp,32
2026-06-10T20:20:38,worker1,tcp,2686
2026-06-10T20:20:38,worker1,udp,28
2026-06-10T20:20:38,worker2,tcp,314
2026-06-10T20:20:38,worker2,udp,28
2026-06-10T20:20:38,worker3,tcp,303
2026-06-10T20:20:38,worker3,udp,11
2026-06-10T20:20:38,worker4,tcp,333
2026-06-10T20:20:38,worker4,udp,32
2026-06-10T20:20:44,worker1,tcp,2680
2026-06-10T20:20:44,worker1,udp,26
2026-06-10T20:20:44,worker2,tcp,314
2026-06-10T20:20:44,worker2,udp,27
2026-06-10T20:20:44,worker3,tcp,305
2026-06-10T20:20:44,worker3,udp,11
2026-06-10T20:20:44,worker4,tcp,335
2026-06-10T20:20:44,worker4,udp,32
2026-06-10T20:20:50,worker1,tcp,2692
2026-06-10T20:20:50,worker1,udp,24
2026-06-10T20:20:50,worker2,tcp,311
2026-06-10T20:20:50,worker2,udp,27
2026-06-10T20:20:50,worker3,tcp,303
2026-06-10T20:20:50,worker3,udp,11
2026-06-10T20:20:50,worker4,tcp,335
2026-06-10T20:20:50,worker4,udp,32
2026-06-10T20:20:56,worker1,tcp,2753
2026-06-10T20:20:56,worker1,udp,24
2026-06-10T20:20:56,worker2,tcp,322
2026-06-10T20:20:56,worker2,udp,15
2026-06-10T20:20:56,worker3,tcp,302
2026-06-10T20:20:56,worker3,udp,11
2026-06-10T20:20:56,worker4,tcp,335
2026-06-10T20:20:56,worker4,udp,32
2026-06-10T20:21:02,worker1,tcp,2695
2026-06-10T20:21:02,worker1,udp,20
2026-06-10T20:21:02,worker2,tcp,322
2026-06-10T20:21:02,worker2,udp,14
2026-06-10T20:21:02,worker3,tcp,303
2026-06-10T20:21:02,worker3,udp,9
2026-06-10T20:21:02,worker4,tcp,335
2026-06-10T20:21:02,worker4,udp,32
2026-06-10T20:21:08,worker1,tcp,2816
2026-06-10T20:21:08,worker1,udp,20
2026-06-10T20:21:08,worker2,tcp,309
2026-06-10T20:21:08,worker2,udp,12
2026-06-10T20:21:08,worker3,tcp,300
2026-06-10T20:21:08,worker3,udp,5
2026-06-10T20:21:08,worker4,tcp,330
2026-06-10T20:21:08,worker4,udp,32
2026-06-10T20:21:15,worker1,tcp,2718
2026-06-10T20:21:15,worker1,udp,22
2026-06-10T20:21:15,worker2,tcp,309
2026-06-10T20:21:15,worker2,udp,12
2026-06-10T20:21:15,worker3,tcp,302
2026-06-10T20:21:15,worker3,udp,5
2026-06-10T20:21:15,worker4,tcp,331
2026-06-10T20:21:15,worker4,udp,32
2026-06-10T20:21:21,worker1,tcp,2718
2026-06-10T20:21:21,worker1,udp,18
2026-06-10T20:21:21,worker2,tcp,308
2026-06-10T20:21:21,worker2,udp,8
2026-06-10T20:21:21,worker3,tcp,302
2026-06-10T20:21:21,worker3,udp,5
2026-06-10T20:21:21,worker4,tcp,329
2026-06-10T20:21:21,worker4,udp,32
2026-06-10T20:21:27,worker1,tcp,2728
2026-06-10T20:21:27,worker1,udp,24
2026-06-10T20:21:27,worker2,tcp,308
2026-06-10T20:21:27,worker2,udp,10
2026-06-10T20:21:27,worker3,tcp,302
2026-06-10T20:21:27,worker3,udp,5
2026-06-10T20:21:27,worker4,tcp,328
2026-06-10T20:21:27,worker4,udp,32
2026-06-10T20:21:33,worker1,tcp,2723
2026-06-10T20:21:33,worker1,udp,22
2026-06-10T20:21:33,worker2,tcp,308
2026-06-10T20:21:33,worker2,udp,12
2026-06-10T20:21:33,worker3,tcp,302
2026-06-10T20:21:33,worker3,udp,5
2026-06-10T20:21:33,worker4,tcp,328
2026-06-10T20:21:33,worker4,udp,32
2026-06-10T20:21:39,worker1,tcp,2680
2026-06-10T20:21:39,worker1,udp,24
2026-06-10T20:21:39,worker2,tcp,308
2026-06-10T20:21:39,worker2,udp,14
2026-06-10T20:21:39,worker3,tcp,300
2026-06-10T20:21:39,worker3,udp,5
2026-06-10T20:21:39,worker4,tcp,326
2026-06-10T20:21:39,worker4,udp,32
2026-06-10T20:21:45,worker1,tcp,2446
2026-06-10T20:21:45,worker1,udp,50
2026-06-10T20:21:45,worker2,tcp,326
2026-06-10T20:21:45,worker2,udp,35
2026-06-10T20:21:45,worker3,tcp,327
2026-06-10T20:21:45,worker3,udp,43
2026-06-10T20:21:45,worker4,tcp,345
2026-06-10T20:21:45,worker4,udp,61
2026-06-10T20:21:54,worker1,tcp,1226
2026-06-10T20:21:54,worker1,udp,63
2026-06-10T20:21:54,worker2,tcp,335
2026-06-10T20:21:54,worker2,udp,43
2026-06-10T20:21:54,worker3,tcp,327
2026-06-10T20:21:54,worker3,udp,45
2026-06-10T20:21:54,worker4,tcp,345
2026-06-10T20:21:54,worker4,udp,64
2026-06-10T20:22:00,worker1,tcp,1023
2026-06-10T20:22:00,worker1,udp,61
2026-06-10T20:22:00,worker2,tcp,330
2026-06-10T20:22:00,worker2,udp,49
2026-06-10T20:22:00,worker3,tcp,325
2026-06-10T20:22:00,worker3,udp,60
2026-06-10T20:22:00,worker4,tcp,341
2026-06-10T20:22:00,worker4,udp,67
2026-06-10T20:22:06,worker1,tcp,859
2026-06-10T20:22:06,worker1,udp,56
2026-06-10T20:22:06,worker2,tcp,338
2026-06-10T20:22:06,worker2,udp,48
2026-06-10T20:22:06,worker3,tcp,330
2026-06-10T20:22:06,worker3,udp,58
2026-06-10T20:22:06,worker4,tcp,344
2026-06-10T20:22:06,worker4,udp,75
2026-06-10T20:22:12,worker1,tcp,851
2026-06-10T20:22:12,worker1,udp,55
2026-06-10T20:22:12,worker2,tcp,339
2026-06-10T20:22:12,worker2,udp,46
2026-06-10T20:22:12,worker3,tcp,327
2026-06-10T20:22:12,worker3,udp,58
2026-06-10T20:22:12,worker4,tcp,339
2026-06-10T20:22:12,worker4,udp,75
2026-06-10T20:22:18,worker1,tcp,764
2026-06-10T20:22:18,worker1,udp,50
2026-06-10T20:22:18,worker2,tcp,347
2026-06-10T20:22:18,worker2,udp,44
2026-06-10T20:22:18,worker3,tcp,331
2026-06-10T20:22:18,worker3,udp,58
2026-06-10T20:22:18,worker4,tcp,343
2026-06-10T20:22:18,worker4,udp,75
2026-06-10T20:22:23,worker1,tcp,741
2026-06-10T20:22:23,worker1,udp,37
2026-06-10T20:22:23,worker2,tcp,348
2026-06-10T20:22:23,worker2,udp,44
2026-06-10T20:22:23,worker3,tcp,330
2026-06-10T20:22:23,worker3,udp,52
2026-06-10T20:22:23,worker4,tcp,341
2026-06-10T20:22:23,worker4,udp,69
2026-06-10T20:22:29,worker1,tcp,699
2026-06-10T20:22:29,worker1,udp,34
2026-06-10T20:22:29,worker2,tcp,354
2026-06-10T20:22:29,worker2,udp,21
2026-06-10T20:22:29,worker3,tcp,338
2026-06-10T20:22:29,worker3,udp,10
2026-06-10T20:22:29,worker4,tcp,346
2026-06-10T20:22:29,worker4,udp,59
2026-06-10T20:22:35,worker1,tcp,662
2026-06-10T20:22:35,worker1,udp,20
2026-06-10T20:22:35,worker2,tcp,360
2026-06-10T20:22:35,worker2,udp,21
2026-06-10T20:22:35,worker3,tcp,337
2026-06-10T20:22:35,worker3,udp,7
2026-06-10T20:22:35,worker4,tcp,346
2026-06-10T20:22:35,worker4,udp,56
